{
  "random_forest": {
    "accuracy": {
      "mean": 0.7962025216462267,
      "std": 0.00968707769392085
    },
    "macro_f1": {
      "mean": 0.6075733255640028,
      "std": 0.017914679324618408
    },
    "cohen_kappa": {
      "mean": 0.63098029425781,
      "std": 0.025415048947123924
    },
    "per_class_f1_n1": {
      "mean": 0.2564103614151863,
      "std": 0.026235953676409872
    },
    "per_class_f1_n2": {
      "mean": 0.7103738593002624,
      "std": 0.03012038048254703
    },
    "per_class_f1_n3": {
      "mean": 0.6623071853800335,
      "std": 0.046735989177734485
    },
    "per_class_f1_rem": {
      "mean": 0.49757517890613323,
      "std": 0.0316089078776784
    },
    "per_class_f1_w": {
      "mean": 0.9112000428183983,
      "std": 0.00913201368202068
    }
  },
  "xgboost": {
    "accuracy": {
      "mean": 0.8111488880280945,
      "std": 0.006160395492895603
    },
    "macro_f1": {
      "mean": 0.5980657084833813,
      "std": 0.014786337498228717
    },
    "cohen_kappa": {
      "mean": 0.6440305618963867,
      "std": 0.013179643534249762
    },
    "per_class_f1_n1": {
      "mean": 0.1706507985089089,
      "std": 0.02240658378205161
    },
    "per_class_f1_n2": {
      "mean": 0.7193673100110193,
      "std": 0.02352760149107642
    },
    "per_class_f1_n3": {
      "mean": 0.6930695565239493,
      "std": 0.04352843043528561
    },
    "per_class_f1_rem": {
      "mean": 0.4880760483216626,
      "std": 0.030194600329317776
    },
    "per_class_f1_w": {
      "mean": 0.9191648290513657,
      "std": 0.0020876610248750866
    }
  }
}