model,fold,accuracy,macro_f1,cohen_kappa,per_class_f1_n1,per_class_f1_n2,per_class_f1_n3
random_forest,cross_eval,0.4765664760650241,0.3078953561810147,0.045525651136007594,0.0,0.6290741326521477,0.2946119358908964
xgboost,cross_eval,0.20941981259168338,0.191904279562892,-0.051260118531557985,0.13346613545816732,0.23591706204618731,0.20632964118432126
svm_rbf,cross_eval,0.4315929706912553,0.33792588218322067,-0.003773547978156433,0.243461414271876,0.5711441052382671,0.19917212703951886
