{
  "svm_rbf": {
    "accuracy": {
      "mean": 0.7206020582335302,
      "std": 0.01596130551551997
    },
    "macro_f1": {
      "mean": 0.6778738151134319,
      "std": 0.017687007127470008
    },
    "cohen_kappa": {
      "mean": 0.5522322114457757,
      "std": 0.02129801660328775
    },
    "per_class_f1_n1": {
      "mean": 0.5505380990694512,
      "std": 0.04117809760900927
    },
    "per_class_f1_n2": {
      "mean": 0.6352996521990179,
      "std": 0.02395351459290616
    },
    "per_class_f1_n3": {
      "mean": 0.8477836940718266,
      "std": 0.013973718355080428
    }
  },
  "random_forest": {
    "accuracy": {
      "mean": 0.7799315359442689,
      "std": 0.013923041225756586
    },
    "macro_f1": {
      "mean": 0.7212090610682016,
      "std": 0.016306091857792433
    },
    "cohen_kappa": {
      "mean": 0.6263880956492462,
      "std": 0.02501228948955715
    },
    "per_class_f1_n1": {
      "mean": 0.5621883331875319,
      "std": 0.02907268631861659
    },
    "per_class_f1_n2": {
      "mean": 0.7357561804205482,
      "std": 0.018318142693602175
    },
    "per_class_f1_n3": {
      "mean": 0.8656826695965243,
      "std": 0.015885917780107728
    }
  },
  "xgboost": {
    "accuracy": {
      "mean": 0.7660693395718317,
      "std": 0.013262457745395886
    },
    "macro_f1": {
      "mean": 0.7046106707488143,
      "std": 0.013274889902366341
    },
    "cohen_kappa": {
      "mean": 0.6033682804005613,
      "std": 0.02140361376760111
    },
    "per_class_f1_n1": {
      "mean": 0.5389808928836378,
      "std": 0.02100832091784472
    },
    "per_class_f1_n2": {
      "mean": 0.7150656628182475,
      "std": 0.011035238079438455
    },
    "per_class_f1_n3": {
      "mean": 0.8597854565445576,
      "std": 0.01593067737472727
    }
  }
}