model,fold,apnea_accuracy,apnea_sensitivity,apnea_specificity,apnea_auc_roc,apnea_n_samples,stage_accuracy,stage_macro_f1,stage_cohen_kappa,train_seconds,avg_epoch_seconds,max_vram_mb,checkpoint_size_mb,best_epoch
conformer_multitask,0,,,,,0,0.5535460992907801,0.3235998005792306,0.3344739167004236,46.996558599999844,14.561564599998746,126.3369140625,0.6395368576049805,1
conformer_multitask,1,,,,,0,0.7895424836601307,0.41986259236688317,0.5965317191798699,28.988407700002426,14.48747849999927,108.87744140625,0.6395368576049805,1
