model,fold,train_dataset,eval_dataset,stage_accuracy,stage_macro_f1,stage_cohen_kappa,stage_per_class_f1_n1,stage_per_class_f1_n2,stage_per_class_f1_n3,stage_per_class_f1_rem,stage_per_class_f1_w,apnea_accuracy,apnea_sensitivity,apnea_specificity,apnea_auc_roc,apnea_n_samples
random_forest,cross_eval,mit_bih_psg,st_vincent_apnea,0.1971695388466352,0.10840826960405477,0.002195178387957797,0.06316393913293138,0.002318840579710145,0.0,0.12581083119625885,0.35074773711137347,0.7407282697580451,0.10642377756471716,0.8999819461996751,0.5275983336382688,20789
xgboost,cross_eval,mit_bih_psg,st_vincent_apnea,0.2004428612688938,0.09644638603493065,0.0013761084661804146,0.0,0.0,0.0,0.12610899873257286,0.3561229314420804,0.7992207417384194,0.00023969319271332693,0.9998194619967503,0.4522781989081057,20789
svm_rbf,cross_eval,mit_bih_psg,st_vincent_apnea,0.21570232020795224,0.08721427038278952,-0.0041976980775382255,0.03344867358708189,0.0005871990604815032,0.0,0.03971242725094146,0.36232305201544274,0.7221607580932223,0.11313518696069032,0.8750677017512186,0.4784771827139795,20789
