{
  "models": [
    "random_forest",
    "xgboost",
    "svm_rbf"
  ],
  "aggregate": {
    "apnea_accuracy": {
      "mean": 0.754036589863229,
      "std": 0.0402168348812539
    },
    "apnea_sensitivity": {
      "mean": 0.0732662192393736,
      "std": 0.06333179204674973
    },
    "apnea_specificity": {
      "mean": 0.924956369982548,
      "std": 0.06601925327928627
    },
    "apnea_auc_roc": {
      "mean": 0.4861179050867847,
      "std": 0.03823697363450975
    },
    "stage_accuracy": {
      "mean": 0.20443824010782707,
      "std": 0.009891323738334616
    },
    "stage_macro_f1": {
      "mean": 0.09735630867392497,
      "std": 0.010626258520968882
    },
    "stage_cohen_kappa": {
      "mean": -0.00020880374113333802,
      "std": 0.0034786746620577126
    }
  }
}