column,count,mean,median,mode,std,var,min,max,range,iqr,skewness,kurtosis
n_epochs,25,831.56,826.0,711.0,64.57365303795865,4169.756666666667,711.0,925.0,214.0,106.0,-0.2102046715899405,-1.0541220905428594
stage_0_frac,25,0.2281394572774359,0.2054054054054054,0.0815876515986769,0.10916018129921873,0.011915945181278302,0.0815876515986769,0.4155019059720457,0.33391425437336886,0.18530888716341962,0.4759466461752972,-1.164810347267341
stage_1_frac,25,0.14485350142232484,0.1513317191283293,0.0231143552311435,0.0756264560038798,0.005719360847706766,0.0231143552311435,0.2935560859188544,0.2704417306877109,0.13321100065037628,0.07134824343800564,-1.1198017374997558
stage_2_frac,25,0.16699926711092353,0.1244493392070484,0.0456273764258555,0.11190086913101174,0.012521804512275816,0.0456273764258555,0.5189873417721519,0.4733599653462964,0.1350645388554104,1.4701370122756596,2.6028859874633206
stage_3_frac,25,0.3327415455464983,0.3209606986899563,0.1175742574257425,0.11383929663909471,0.0129593854592838,0.1175742574257425,0.593505039193729,0.4759307817679865,0.12944538288288288,0.45668563617626146,0.05187372317155203
stage_4_frac,25,0.032125075637159536,0.0330396475770925,0.0,0.01832636950384312,0.0003358558191913911,0.0,0.0606435643564356,0.0606435643564356,0.0305032307965001,-0.00810030240196801,-1.0709209841171308
stage_5_frac,25,0.0943920248852465,0.0887185104052574,0.0,0.05943995947804274,0.0035331087827513625,0.0,0.2462871287128712,0.2462871287128712,0.07629872970871551,0.4920713720730154,0.23032695691779637
stage_median,25,2.36,2.0,2.0,0.5686240703077328,0.32333333333333336,1.0,3.0,2.0,1.0,-0.13479422942320038,-0.6841906054962932
stage_mode,25,2.0,3.0,3.0,1.4433756729740645,2.0833333333333335,0.0,5.0,5.0,3.0,-0.2711036046629547,-0.8746245059288533
