,n_epochs,stage_mode,stage_median,stage_0_frac,stage_1_frac,stage_2_frac,stage_3_frac,stage_4_frac,stage_5_frac
n_epochs,1.0,0.18284257509773189,0.24846942048260232,-0.21156564129526895,0.03959405168223632,-0.39642270441401445,0.3833709278698362,0.18139118411630112,0.3005292808090619
stage_mode,0.18284257509773189,1.0,0.45690577431012835,-0.796967492336821,0.47978719073223974,0.006307453980890821,0.2748729080439504,0.44599993852544756,0.16825661971922282
stage_median,0.24846942048260232,0.45690577431012835,1.0,-0.4316552146485457,0.12411400383301789,-0.48759705586176993,0.7212720973580655,0.3051977500554676,0.06250383173056921
stage_0_frac,-0.21156564129526895,-0.796967492336821,-0.4316552146485457,1.0,-0.7647052957607602,0.0233366301003785,-0.3609621814740426,-0.39048659461017987,-0.10464499387608288
stage_1_frac,0.03959405168223632,0.47978719073223974,0.12411400383301789,-0.7647052957607602,1.0,-0.22376483654833335,0.12239955794392612,0.42217322103367344,0.2006077463345953
stage_2_frac,-0.39642270441401445,0.006307453980890821,-0.48759705586176993,0.0233366301003785,-0.22376483654833335,1.0,-0.6241806272607693,-0.3370879572865097,-0.33410530304089914
stage_3_frac,0.3833709278698362,0.2748729080439504,0.7212720973580655,-0.3609621814740426,0.12239955794392612,-0.6241806272607693,1.0,0.10229948680587272,-0.2706938919433761
stage_4_frac,0.18139118411630112,0.44599993852544756,0.3051977500554676,-0.39048659461017987,0.42217322103367344,-0.3370879572865097,0.10229948680587272,1.0,0.29496970793504845
stage_5_frac,0.3005292808090619,0.16825661971922282,0.06250383173056921,-0.10464499387608288,0.2006077463345953,-0.33410530304089914,-0.2706938919433761,0.29496970793504845,1.0
