model,fold,accuracy,macro_f1,cohen_kappa,per_class_f1_n1,per_class_f1_n2,per_class_f1_n3
random_forest,cross_eval,0.3827956989247312,0.1848327286540079,-2.946538723458403e-06,0.0,0.5535818476499189,0.0009163383121048291
xgboost,cross_eval,0.28584229390681004,0.26298375735963914,-0.033156591491127596,0.240748031496063,0.37097815064073014,0.1772250899421242
svm_rbf,cross_eval,0.2770161290322581,0.27344852564780914,-0.02594322854494835,0.22769531887130973,0.28776895639166955,0.30488130168044814
