,n_epochs,stage_mode,stage_median,stage_0_frac,stage_1_frac,stage_2_frac,stage_3_frac,stage_4_frac,stage_5_frac
n_epochs,1.0,0.182842575097732,0.24846942048260248,-0.21156564129526886,0.03959405168223626,-0.3964227044140146,0.3833709278698362,0.18139118411630106,0.30052928080906205
stage_mode,0.182842575097732,1.0,0.45690577431012863,-0.796967492336821,0.47978719073223974,0.006307453980890807,0.2748729080439505,0.4459999385254476,0.16825661971922296
stage_median,0.24846942048260248,0.45690577431012863,1.0,-0.4316552146485458,0.1241140038330179,-0.48759705586177005,0.7212720973580655,0.3051977500554676,0.06250383173056938
stage_0_frac,-0.21156564129526886,-0.796967492336821,-0.4316552146485458,1.0,-0.7647052957607603,0.023336630100378442,-0.36096218147404263,-0.3904865946101798,-0.1046449938760829
stage_1_frac,0.03959405168223626,0.47978719073223974,0.1241140038330179,-0.7647052957607603,1.0,-0.22376483654833332,0.12239955794392612,0.42217322103367355,0.20060774633459527
stage_2_frac,-0.3964227044140146,0.006307453980890807,-0.48759705586177005,0.023336630100378442,-0.22376483654833332,1.0,-0.6241806272607692,-0.3370879572865098,-0.33410530304089914
stage_3_frac,0.3833709278698362,0.2748729080439505,0.7212720973580655,-0.36096218147404263,0.12239955794392612,-0.6241806272607692,1.0,0.10229948680587274,-0.2706938919433761
stage_4_frac,0.18139118411630106,0.4459999385254476,0.3051977500554676,-0.3904865946101798,0.42217322103367355,-0.3370879572865098,0.10229948680587274,1.0,0.2949697079350486
stage_5_frac,0.30052928080906205,0.16825661971922296,0.06250383173056938,-0.1046449938760829,0.20060774633459527,-0.33410530304089914,-0.2706938919433761,0.2949697079350486,1.0
