model,fold,train_dataset,eval_dataset,stage_accuracy,stage_macro_f1,stage_cohen_kappa,stage_per_class_f1_n1,stage_per_class_f1_n2,stage_per_class_f1_n3,stage_per_class_f1_rem,stage_per_class_f1_w,apnea_accuracy,apnea_sensitivity,apnea_specificity,apnea_auc_roc,apnea_n_samples
random_forest,cross_eval,st_vincent_apnea,mit_bih_psg,0.24812030075187969,0.08292424365624965,-0.06323726755751613,0.001304631441617743,0.0,0.00546448087431694,0.0,0.4078521059653135,0.5631000578369,0.0,1.0,0.38887000721618914,8645
xgboost,cross_eval,st_vincent_apnea,mit_bih_psg,0.318796992481203,0.09709923696578146,-0.0013429808451159708,0.001303780964797914,0.0006103143118706134,0.0,0.0,0.4835820895522388,0.5631000578369,0.0,1.0,0.46244356437539064,8645
svm_rbf,cross_eval,st_vincent_apnea,mit_bih_psg,0.06338924233661075,0.023844229304905908,0.0,0.0,0.0,0.11922114652452953,0.0,0.0,0.5631000578369,0.0,1.0,0.4997354027719129,8645
