{
  "models": [
    "random_forest",
    "xgboost",
    "svm_rbf"
  ],
  "aggregate": {
    "random_forest": {
      "apnea_accuracy": {
        "mean": 0.6159856241045991,
        "std": 0.039478379695417475
      },
      "apnea_sensitivity": {
        "mean": 0.4580090902789366,
        "std": 0.25319183218495495
      },
      "apnea_specificity": {
        "mean": 0.7198038906503224,
        "std": 0.1389084312094016
      },
      "apnea_auc_roc": {
        "mean": 0.6324560988315765,
        "std": 0.07133909261228738
      },
      "stage_accuracy": {
        "mean": 0.5850712058044514,
        "std": 0.06459697380391448
      },
      "stage_macro_f1": {
        "mean": 0.4636385449221839,
        "std": 0.04439640992951878
      },
      "stage_cohen_kappa": {
        "mean": 0.415320019466496,
        "std": 0.07786711193381171
      }
    },
    "xgboost": {
      "apnea_accuracy": {
        "mean": 0.6043021835210421,
        "std": 0.07012248299044825
      },
      "apnea_sensitivity": {
        "mean": 0.39758831277346324,
        "std": 0.24998126756978734
      },
      "apnea_specificity": {
        "mean": 0.7611355483877458,
        "std": 0.11933777448640222
      },
      "apnea_auc_roc": {
        "mean": 0.6400946528977135,
        "std": 0.043152886622633585
      },
      "stage_accuracy": {
        "mean": 0.6080226931894925,
        "std": 0.040316158708049804
      },
      "stage_macro_f1": {
        "mean": 0.44586913551798696,
        "std": 0.027365261677845882
      },
      "stage_cohen_kappa": {
        "mean": 0.4211672709777847,
        "std": 0.05276482260079708
      }
    },
    "svm_rbf": {
      "apnea_accuracy": {
        "mean": 0.5761608444805665,
        "std": 0.0418027871695255
      },
      "apnea_sensitivity": {
        "mean": 0.5428010748786355,
        "std": 0.2769660256258949
      },
      "apnea_specificity": {
        "mean": 0.5885559252190344,
        "std": 0.1662532433499156
      },
      "apnea_auc_roc": {
        "mean": 0.600393201393579,
        "std": 0.07010648722013621
      },
      "stage_accuracy": {
        "mean": 0.4963558976103643,
        "std": 0.0772110567736361
      },
      "stage_macro_f1": {
        "mean": 0.4256278811082968,
        "std": 0.054344240981522504
      },
      "stage_cohen_kappa": {
        "mean": 0.33565890979067,
        "std": 0.08145984267154364
      }
    }
  }
}