{
  "cnn": {
    "accuracy": {
      "mean": 0.5530867658247337,
      "std": 0.07812535867792855
    },
    "avg_epoch_seconds": {
      "mean": 24.959229350002715,
      "std": 3.396980645506597
    },
    "best_epoch": {
      "mean": 0.0,
      "std": 0.0
    },
    "checkpoint_size_mb": {
      "mean": 0.0,
      "std": 0.0
    },
    "cohen_kappa": {
      "mean": 0.3968656205027253,
      "std": 0.1107855089493814
    },
    "macro_f1": {
      "mean": 0.4144669930614726,
      "std": 0.11462176121858418
    },
    "max_vram_mb": {
      "mean": 31.712158203125,
      "std": 2.768695936686975
    },
    "n_parameters": {
      "mean": 108741.0,
      "std": 0.0
    },
    "per_class_f1_n1": {
      "mean": 0.16289027653880464,
      "std": 0.06736753276603324
    },
    "per_class_f1_n2": {
      "mean": 0.42133284058690723,
      "std": 0.41038398630028766
    },
    "per_class_f1_n3": {
      "mean": 0.3703876875121761,
      "std": 0.09714625016418339
    },
    "per_class_f1_rem": {
      "mean": 0.29901198487814035,
      "std": 0.1840426596875998
    },
    "per_class_f1_w": {
      "mean": 0.818712175791335,
      "std": 0.05109655729311672
    },
    "ssl_pretrain_seconds": {
      "mean": 0.0,
      "std": 0.0
    },
    "train_seconds": {
      "mean": 33.21894125000108,
      "std": 3.467282898750113
    }
  }
}