{
  "svm_rbf": {
    "accuracy": {
      "mean": 0.2731459681716976,
      "std": 0.07585455859438582
    },
    "macro_f1": {
      "mean": 0.0884009059253251,
      "std": 0.02490143022846757
    },
    "cohen_kappa": {
      "mean": -0.008873864706719293,
      "std": 0.019842564707360573
    },
    "per_class_f1_n1": {
      "mean": 0.0,
      "std": 0.0
    },
    "per_class_f1_n2": {
      "mean": 0.28514608110773076,
      "std": 0.26511619218040683
    },
    "per_class_f1_n3": {
      "mean": 0.0,
      "std": 0.0
    },
    "per_class_f1_rem": {
      "mean": 0.0,
      "std": 0.0
    },
    "per_class_f1_w": {
      "mean": 0.15685844851889474,
      "std": 0.1766796811647452
    }
  },
  "random_forest": {
    "accuracy": {
      "mean": 0.24736255459989223,
      "std": 0.060799396240043
    },
    "macro_f1": {
      "mean": 0.09499338312530425,
      "std": 0.030422936638896166
    },
    "cohen_kappa": {
      "mean": -0.05037633527544159,
      "std": 0.12930159203516225
    },
    "per_class_f1_n1": {
      "mean": 0.0,
      "std": 0.0
    },
    "per_class_f1_n2": {
      "mean": 0.22946381005331853,
      "std": 0.21848519655365387
    },
    "per_class_f1_n3": {
      "mean": 0.0,
      "std": 0.0
    },
    "per_class_f1_rem": {
      "mean": 0.0,
      "std": 0.0
    },
    "per_class_f1_w": {
      "mean": 0.24550310557320265,
      "std": 0.10781501749705837
    }
  },
  "xgboost": {
    "accuracy": {
      "mean": 0.2508712516222817,
      "std": 0.05905205327374157
    },
    "macro_f1": {
      "mean": 0.09598544489107463,
      "std": 0.030185559010225262
    },
    "cohen_kappa": {
      "mean": -0.044606487994223974,
      "std": 0.12110475385625802
    },
    "per_class_f1_n1": {
      "mean": 0.0,
      "std": 0.0
    },
    "per_class_f1_n2": {
      "mean": 0.23513723248037163,
      "std": 0.221153146379732
    },
    "per_class_f1_n3": {
      "mean": 0.0,
      "std": 0.0
    },
    "per_class_f1_rem": {
      "mean": 0.0,
      "std": 0.0
    },
    "per_class_f1_w": {
      "mean": 0.24478999197500154,
      "std": 0.10634815775705285
    }
  }
}