feature,importance
eeg_theta_alpha_ratio,0.161147341132164
eeg_rel_power_delta,0.10254044830799103
eeg_bandpower_beta,0.0806916132569313
eeg_kurtosis,0.05444687604904175
eeg_rel_power_alpha,0.048877738416194916
eeg_sef50,0.044021859765052795
eeg_hjorth_mobility,0.04333316534757614
eeg_var,0.04245145246386528
eeg_rel_power_theta,0.04079592972993851
eeg_sef95,0.037094131112098694
