{
  "random_forest": {
    "accuracy": {
      "mean": 0.7170234409557679,
      "std": 0.01877387438433458
    },
    "macro_f1": {
      "mean": 0.6530549123502227,
      "std": 0.018891948372314078
    },
    "cohen_kappa": {
      "mean": 0.6131200780174703,
      "std": 0.0264912365769274
    },
    "per_class_f1_n1": {
      "mean": 0.34875668119149567,
      "std": 0.02042342272036404
    },
    "per_class_f1_n2": {
      "mean": 0.7628825108121038,
      "std": 0.023057514835305867
    },
    "per_class_f1_n3": {
      "mean": 0.7181156793017521,
      "std": 0.02800849514616267
    },
    "per_class_f1_rem": {
      "mean": 0.6014676447147076,
      "std": 0.03911448751726489
    },
    "per_class_f1_w": {
      "mean": 0.834052045731054,
      "std": 0.021609766421249198
    }
  },
  "xgboost": {
    "accuracy": {
      "mean": 0.73103547486301,
      "std": 0.014136182706435383
    },
    "macro_f1": {
      "mean": 0.6675878709220276,
      "std": 0.015344559205285416
    },
    "cohen_kappa": {
      "mean": 0.6329838419585858,
      "std": 0.01911233101379469
    },
    "per_class_f1_n1": {
      "mean": 0.3535179013942639,
      "std": 0.02445751264708958
    },
    "per_class_f1_n2": {
      "mean": 0.7758579281520601,
      "std": 0.019572931562618773
    },
    "per_class_f1_n3": {
      "mean": 0.7347187587464894,
      "std": 0.027765689294046225
    },
    "per_class_f1_rem": {
      "mean": 0.6219398566423672,
      "std": 0.033890107173484584
    },
    "per_class_f1_w": {
      "mean": 0.8519049096749584,
      "std": 0.013389275521829311
    }
  }
}