{
  "random_forest": {
    "accuracy": {
      "mean": 0.8064274939811382,
      "std": 0.005981453788580184
    },
    "macro_f1": {
      "mean": 0.5795421144097604,
      "std": 0.01056700592712619
    },
    "cohen_kappa": {
      "mean": 0.6290018093626797,
      "std": 0.015917226897447064
    },
    "per_class_f1_n1": {
      "mean": 0.14595260480362043,
      "std": 0.016755121570387197
    },
    "per_class_f1_n2": {
      "mean": 0.7153036590718894,
      "std": 0.026635324005230342
    },
    "per_class_f1_n3": {
      "mean": 0.647815401471315,
      "std": 0.04050394960521387
    },
    "per_class_f1_rem": {
      "mean": 0.4753072970096395,
      "std": 0.02743939179186827
    },
    "per_class_f1_w": {
      "mean": 0.9133316096923373,
      "std": 0.003040734055160574
    }
  },
  "xgboost": {
    "accuracy": {
      "mean": 0.799856372137407,
      "std": 0.005800057918911483
    },
    "macro_f1": {
      "mean": 0.5745945751056988,
      "std": 0.014082599541418758
    },
    "cohen_kappa": {
      "mean": 0.6177978520825264,
      "std": 0.012759571623160739
    },
    "per_class_f1_n1": {
      "mean": 0.12509586626054456,
      "std": 0.022960219395590495
    },
    "per_class_f1_n2": {
      "mean": 0.6998876762828236,
      "std": 0.028832175633468907
    },
    "per_class_f1_n3": {
      "mean": 0.6654920066736567,
      "std": 0.04919751536367698
    },
    "per_class_f1_rem": {
      "mean": 0.4749347262442745,
      "std": 0.02428308724527929
    },
    "per_class_f1_w": {
      "mean": 0.9075626000671948,
      "std": 0.0023709869708629892
    }
  }
}