{
  "random_forest": {
    "accuracy": {
      "mean": 0.7638751775102615,
      "std": 0.012971587404288784
    },
    "macro_f1": {
      "mean": 0.7163282287963498,
      "std": 0.013522701668881934
    },
    "cohen_kappa": {
      "mean": 0.6076393980347372,
      "std": 0.0164563303352373
    },
    "per_class_f1_n1": {
      "mean": 0.583837284356899,
      "std": 0.03919289343947413
    },
    "per_class_f1_n2": {
      "mean": 0.705556397918224,
      "std": 0.01833063561609496
    },
    "per_class_f1_n3": {
      "mean": 0.8595910041139266,
      "std": 0.014977596658048242
    }
  },
  "xgboost": {
    "accuracy": {
      "mean": 0.7706973379673712,
      "std": 0.01562538653559147
    },
    "macro_f1": {
      "mean": 0.7115516853788835,
      "std": 0.023246753298615544
    },
    "cohen_kappa": {
      "mean": 0.6116293684276994,
      "std": 0.02863224614482903
    },
    "per_class_f1_n1": {
      "mean": 0.55174122874313,
      "std": 0.04683721056434739
    },
    "per_class_f1_n2": {
      "mean": 0.7212113876559522,
      "std": 0.019261799644866327
    },
    "per_class_f1_n3": {
      "mean": 0.8617024397375681,
      "std": 0.0164424871812397
    }
  },
  "svm_rbf": {
    "accuracy": {
      "mean": 0.7246564831547777,
      "std": 0.019762570444795725
    },
    "macro_f1": {
      "mean": 0.68161620649778,
      "std": 0.020432822690583847
    },
    "cohen_kappa": {
      "mean": 0.5575029613464105,
      "std": 0.026473019571594397
    },
    "per_class_f1_n1": {
      "mean": 0.5537020303841454,
      "std": 0.040453775766831054
    },
    "per_class_f1_n2": {
      "mean": 0.642378968888116,
      "std": 0.02957230815173347
    },
    "per_class_f1_n3": {
      "mean": 0.8487676202210788,
      "std": 0.013230838959548108
    }
  }
}